asset_id,asset_type,cycle,temperature,vibration,pressure,current,efficiency,throughput,noise_index,production_impact,redundancy_factor,safety_criticality,maintenance_required
CT-01,pump,1,87.59,1.416,295.1,103.7,89.59,106.7,1.349,4,3,3,0
CT-01,pump,2,87.49,1.383,300.85,104.6,89.82,107.07,1.323,4,3,3,0
CT-01,pump,3,87.79,1.421,296.69,105.58,89.52,107.24,1.375,4,3,3,0
CT-01,pump,4,87.35,1.346,292.22,105.85,89.59,106.63,1.436,4,3,3,0
CT-01,pump,5,87.05,1.423,297.17,105.93,88.97,105.93,1.356,4,3,3,0
CT-01,pump,6,87.5,1.474,295.88,105.33,88.23,105.89,1.493,4,3,3,0
CT-01,pump,7,89.05,1.535,294.25,105.24,88.2,106.67,1.336,4,3,3,0
CT-01,pump,8,88.91,1.582,291.55,106.53,89.21,107.59,1.44,4,3,3,0
CT-01,pump,9,87.49,1.507,290.06,108.09,90.04,104.77,1.486,4,3,3,0
CT-01,pump,10,88.29,1.505,291.54,105.17,88.42,105.64,1.405,4,3,3,0
CT-01,pump,11,87.45,1.48,289.8,108.56,88.46,105.36,1.367,4,3,3,0
CT-01,pump,12,91.49,1.625,295.25,107.58,88.7,105.28,1.54,4,3,3,0
CT-01,pump,13,90.05,1.59,293.3,107.83,87.7,106.3,1.489,4,3,3,0
CT-01,pump,14,88.65,1.578,292.71,107.0,88.39,106.36,1.66,4,3,3,0
CT-01,pump,15,90.8,1.638,293.86,110.63,87.51,103.45,1.657,4,3,3,0
CT-01,pump,16,90.43,1.563,289.28,109.17,86.9,106.56,1.467,4,3,3,0
CT-01,pump,17,88.01,1.695,286.47,108.22,88.14,104.68,1.461,4,3,3,0
CT-01,pump,18,89.46,1.728,291.61,109.38,88.38,106.4,1.559,4,3,3,0
CT-01,pump,19,89.78,1.799,283.13,110.87,86.54,103.81,1.716,4,3,3,0
CT-01,pump,20,92.28,1.686,289.03,105.93,88.38,105.34,1.595,4,3,3,0
CT-01,pump,21,91.52,1.945,291.38,111.49,86.63,103.34,1.689,4,3,3,0
CT-01,pump,22,92.82,1.821,288.34,111.62,86.08,104.22,1.738,4,3,3,0
CT-01,pump,23,91.3,1.772,289.01,110.2,86.75,102.5,1.889,4,3,3,0
CT-01,pump,24,90.3,1.725,288.6,112.43,87.1,104.28,1.632,4,3,3,0
CT-01,pump,25,92.76,1.78,286.63,111.34,86.77,106.58,1.687,4,3,3,0
CT-01,pump,26,93.13,1.722,285.79,110.92,85.91,103.27,1.883,4,3,3,0
CT-01,pump,27,90.59,1.684,290.1,109.27,87.2,102.54,1.593,4,3,3,0
CT-01,pump,28,92.77,1.97,282.55,113.94,85.65,104.57,1.895,4,3,3,0
CT-01,pump,29,89.66,1.724,287.26,112.54,86.33,100.17,1.615,4,3,3,0
CT-01,pump,30,95.01,2.012,285.51,114.0,86.57,103.02,1.637,4,3,3,0
CT-01,pump,31,94.94,1.75,285.71,112.6,86.06,102.49,1.715,4,3,3,0
CT-01,pump,32,94.27,1.983,281.74,113.84,85.72,102.88,1.785,4,3,3,0
CT-01,pump,33,96.45,1.943,281.55,115.38,85.11,103.75,1.735,4,3,3,0
CT-01,pump,34,89.08,2.218,286.98,106.81,85.53,100.58,1.901,4,3,3,0
CT-01,pump,35,94.87,1.851,286.65,117.05,85.15,99.58,1.842,4,3,3,0
CT-01,pump,36,96.15,1.97,286.66,108.14,86.04,99.85,1.585,4,3,3,0
CT-01,pump,37,95.23,2.11,286.94,114.4,84.6,101.85,1.912,4,3,3,0
CT-01,pump,38,95.96,2.016,288.01,116.85,86.89,103.2,2.228,4,3,3,0
CT-01,pump,39,95.53,1.886,277.03,116.17,84.51,99.5,2.079,4,3,3,0
CT-01,pump,40,95.72,2.123,271.97,114.41,84.06,102.58,2.124,4,3,3,0
CT-01,pump,41,93.46,2.014,286.43,117.41,84.05,102.32,1.744,4,3,3,0
CT-01,pump,42,96.87,2.302,286.8,115.12,86.92,100.35,1.918,4,3,3,0
CT-01,pump,43,91.53,2.164,279.72,113.62,82.81,103.78,2.205,4,3,3,0
CT-01,pump,44,94.03,1.944,269.13,116.08,83.88,104.19,1.761,4,3,3,0
CT-01,pump,45,95.94,2.049,271.83,115.29,82.2,102.05,1.946,4,3,3,1
CT-01,pump,46,96.99,2.053,290.36,116.53,83.66,101.5,2.176,4,3,3,0
CT-01,pump,47,98.45,2.295,278.2,108.94,85.68,101.31,2.041,4,3,3,0
CT-01,pump,48,91.98,2.196,273.03,113.88,84.59,102.05,1.707,4,3,3,0
CT-01,pump,49,96.14,2.4,284.99,112.09,83.97,101.71,1.707,4,3,3,0
CT-01,pump,50,94.55,2.006,288.73,110.03,83.91,98.67,2.417,4,3,3,0
CT-01,pump,51,98.97,2.447,281.52,118.53,82.18,98.08,2.415,4,3,3,0
CT-01,pump,52,97.49,1.989,280.2,112.09,83.58,101.08,2.243,4,3,3,0
CT-01,pump,53,100.03,2.26,286.43,123.43,85.55,96.45,2.277,4,3,3,0
CT-01,pump,54,99.42,2.381,288.19,115.69,84.36,99.1,2.415,4,3,3,1
CT-01,pump,55,99.69,2.301,284.8,117.37,85.58,100.1,1.847,4,3,3,0
CT-01,pump,56,94.39,2.256,267.45,119.47,82.33,97.63,2.553,4,3,3,0
CT-01,pump,57,95.85,2.585,264.74,120.58,83.9,98.54,2.21,4,3,3,0
CT-01,pump,58,99.37,2.319,283.49,118.43,80.27,101.88,2.58,4,3,3,1
CT-02,compressor,1,74.29,1.09,266.43,97.16,90.39,83.29,1.128,2,1,5,0
CT-02,compressor,2,75.63,1.104,265.73,95.68,91.02,83.18,1.17,2,1,5,0
CT-02,compressor,3,78.56,1.095,263.82,96.76,90.46,83.45,1.155,2,1,5,0
CT-02,compressor,4,74.81,1.096,263.63,98.84,90.79,82.66,1.2,2,1,5,0
CT-02,compressor,5,77.58,1.125,267.47,96.85,90.8,82.65,1.236,2,1,5,0
CT-02,compressor,6,74.16,1.217,261.24,98.21,91.24,82.35,1.212,2,1,5,0
CT-02,compressor,7,77.45,1.254,267.36,96.65,90.29,81.01,1.33,2,1,5,0
CT-02,compressor,8,78.06,1.211,266.39,98.97,90.34,82.12,1.245,2,1,5,0
CT-02,compressor,9,80.07,1.279,264.87,98.12,90.08,81.73,1.273,2,1,5,0
CT-02,compressor,10,77.9,1.314,266.77,96.94,89.69,82.0,1.27,2,1,5,0
CT-02,compressor,11,79.33,1.191,256.22,97.9,90.52,81.33,1.203,2,1,5,0
CT-02,compressor,12,78.1,1.42,265.16,98.77,89.49,81.06,1.417,2,1,5,0
CT-02,compressor,13,79.29,1.254,263.51,98.5,89.41,81.42,1.388,2,1,5,0
CT-02,compressor,14,78.78,1.412,257.72,97.1,89.95,83.19,1.53,2,1,5,1
CT-02,compressor,15,78.4,1.317,257.26,101.12,89.19,81.48,1.381,2,1,5,0
CT-02,compressor,16,80.67,1.485,264.22,100.06,88.49,79.18,1.54,2,1,5,0
CT-02,compressor,17,79.93,1.386,262.82,98.11,88.62,81.69,1.38,2,1,5,0
CT-02,compressor,18,81.71,1.317,255.62,99.51,89.59,79.92,1.493,2,1,5,0
CT-02,compressor,19,77.62,1.33,259.2,98.36,89.91,81.27,1.303,2,1,5,0
CT-02,compressor,20,79.66,1.476,259.03,100.94,87.91,81.75,1.504,2,1,5,0
CT-02,compressor,21,78.92,1.349,253.37,101.26,89.28,81.17,1.564,2,1,5,0
CT-02,compressor,22,79.04,1.572,258.36,100.69,90.29,78.75,1.626,2,1,5,1
CT-02,compressor,23,79.02,1.394,253.45,99.71,88.86,79.03,1.612,2,1,5,0
CT-02,compressor,24,77.55,1.513,254.31,103.55,86.84,80.42,1.721,2,1,5,0
CT-02,compressor,25,78.6,1.552,256.54,100.57,89.59,77.44,1.454,2,1,5,0
CT-02,compressor,26,81.55,1.727,260.56,101.52,87.39,80.47,1.59,2,1,5,0
CT-02,compressor,27,82.68,1.447,253.59,104.77,88.0,81.83,1.541,2,1,5,0
CT-02,compressor,28,78.68,1.698,263.61,102.28,87.97,76.92,1.855,2,1,5,0
CT-02,compressor,29,80.34,1.635,257.04,104.72,88.12,75.83,1.783,2,1,5,0
CT-02,compressor,30,83.85,1.468,253.74,104.03,88.46,76.96,1.553,2,1,5,0
CT-02,compressor,31,79.97,1.524,262.34,101.63,88.85,78.45,1.868,2,1,5,0
CT-02,compressor,32,85.71,1.886,251.19,103.52,86.83,76.55,1.8,2,1,5,0
CT-02,compressor,33,80.57,1.881,250.89,103.39,86.97,79.12,1.956,2,1,5,0
CT-02,compressor,34,80.66,1.57,247.85,107.64,85.8,77.06,1.719,2,1,5,0
CT-02,compressor,35,81.9,1.702,255.37,100.13,85.76,76.85,1.46,2,1,5,0
CT-02,compressor,36,87.02,1.789,248.9,100.97,88.09,77.61,1.734,2,1,5,0
CT-02,compressor,37,87.62,2.035,252.9,103.75,85.35,76.08,1.611,2,1,5,0
CT-02,compressor,38,85.74,1.667,256.37,101.59,86.82,77.12,1.984,2,1,5,0
CT-02,compressor,39,83.81,1.934,250.34,110.58,84.93,80.08,1.834,2,1,5,0
CT-02,compressor,40,87.3,1.994,250.93,108.15,87.19,76.24,1.68,2,1,5,0
CT-02,compressor,41,82.74,1.809,244.5,100.84,88.4,78.62,2.061,2,1,5,0
CT-02,compressor,42,82.99,1.866,252.92,102.06,85.31,77.21,2.011,2,1,5,0
CT-02,compressor,43,86.79,1.808,251.79,103.84,86.91,79.33,1.59,2,1,5,0
CT-02,compressor,44,86.52,1.883,241.02,107.1,84.21,77.65,1.393,2,1,5,0
CT-02,compressor,45,84.82,1.895,254.11,107.38,84.58,74.56,1.781,2,1,5,1
CT-02,compressor,46,87.53,2.004,251.52,102.13,85.57,74.6,1.675,2,1,5,0
CT-02,compressor,47,89.33,2.023,252.05,111.62,85.25,77.6,2.093,2,1,5,0
CT-02,compressor,48,83.47,1.914,259.17,108.11,87.28,72.67,1.617,2,1,5,0
CT-02,compressor,49,84.68,2.06,239.83,106.88,86.08,74.87,1.825,2,1,5,0
CT-02,compressor,50,86.47,2.222,242.33,105.49,86.66,78.4,2.231,2,1,5,0
CT-02,compressor,51,83.49,2.304,241.38,113.34,87.76,76.33,2.164,2,1,5,1
CT-02,compressor,52,89.28,2.002,243.07,108.96,86.21,75.27,2.029,2,1,5,0
CT-02,compressor,53,92.06,2.235,242.55,109.71,83.98,70.86,2.192,2,1,5,1
CT-02,compressor,54,83.43,2.403,239.83,114.09,85.73,77.0,2.102,2,1,5,0
CT-02,compressor,55,83.7,2.217,256.17,113.29,85.66,77.28,2.313,2,1,5,1
CT-02,compressor,56,87.5,1.821,252.83,111.75,83.51,74.64,2.21,2,1,5,1
CT-02,compressor,57,88.96,2.202,234.79,113.71,85.62,76.92,1.754,2,1,5,0
CT-02,compressor,58,83.34,2.232,241.28,111.09,83.06,74.77,1.718,2,1,5,1
CT-02,compressor,59,85.88,2.414,238.17,105.32,85.71,72.33,1.859,2,1,5,1
CT-02,compressor,60,90.56,2.244,249.43,111.6,86.0,74.09,1.785,2,1,5,0
CT-02,compressor,61,85.48,2.26,247.41,112.23,84.2,74.18,1.7,2,1,5,1
CT-02,compressor,62,94.18,2.259,244.6,105.35,86.86,70.24,1.649,2,1,5,1
CT-02,compressor,63,93.67,2.393,238.16,112.08,81.53,72.14,2.549,2,1,5,1
CT-02,compressor,64,86.56,2.382,231.11,110.62,81.77,72.7,2.003,2,1,5,1
CT-03,generator,1,92.25,1.872,303.15,107.21,91.08,89.92,1.164,2,2,1,0
CT-03,generator,2,91.67,1.874,303.32,107.15,90.44,90.88,1.236,2,2,1,0
CT-03,generator,3,91.24,1.968,298.9,107.95,91.14,90.9,1.254,2,2,1,0
CT-03,generator,4,91.81,1.969,300.24,110.15,90.48,88.17,1.189,2,2,1,0
CT-03,generator,5,91.29,1.974,301.43,109.74,90.39,89.08,1.257,2,2,1,0
CT-03,generator,6,88.91,1.854,301.55,107.75,91.15,89.94,1.22,2,2,1,0
CT-03,generator,7,93.27,1.894,297.1,108.86,90.11,88.47,1.245,2,2,1,0
CT-03,generator,8,90.72,1.901,295.99,111.78,90.16,88.87,1.262,2,2,1,0
CT-03,generator,9,93.09,2.008,297.51,109.07,90.59,89.14,1.303,2,2,1,0
CT-03,generator,10,93.51,2.09,299.59,110.78,89.85,88.84,1.344,2,2,1,0
CT-03,generator,11,92.0,2.042,295.9,111.3,90.24,88.12,1.421,2,2,1,0
CT-03,generator,12,93.57,2.134,296.74,112.73,90.59,88.58,1.469,2,2,1,0
CT-03,generator,13,93.02,2.21,294.43,110.01,89.97,87.89,1.463,2,2,1,0
CT-03,generator,14,92.81,2.158,297.22,112.51,90.02,87.28,1.326,2,2,1,0
CT-03,generator,15,93.2,2.165,298.16,111.56,88.79,87.45,1.402,2,2,1,0
CT-03,generator,16,93.46,2.18,294.55,113.33,89.34,88.34,1.291,2,2,1,0
CT-03,generator,17,93.97,2.113,298.38,111.58,88.8,87.45,1.428,2,2,1,0
CT-03,generator,18,95.74,2.205,294.26,112.22,88.4,88.17,1.323,2,2,1,0
CT-03,generator,19,94.12,2.133,295.8,112.92,89.03,86.56,1.645,2,2,1,0
CT-03,generator,20,94.21,2.181,301.03,113.87,88.31,85.76,1.613,2,2,1,0
CT-03,generator,21,96.0,2.437,294.55,112.2,88.01,87.56,1.38,2,2,1,0
CT-03,generator,22,95.23,2.447,296.29,114.75,88.5,89.17,1.559,2,2,1,0
CT-03,generator,23,92.42,2.434,291.58,112.14,87.71,86.59,1.363,2,2,1,0
CT-03,generator,24,94.76,2.404,288.5,115.45,88.64,87.52,1.481,2,2,1,0
CT-03,generator,25,94.92,2.265,291.11,114.4,87.1,85.46,1.385,2,2,1,0
CT-03,generator,26,99.63,2.164,295.12,113.91,87.34,86.09,1.687,2,2,1,0
CT-03,generator,27,97.19,2.544,289.58,115.69,88.3,84.76,1.47,2,2,1,1
CT-03,generator,28,96.4,2.347,292.21,112.44,86.89,85.61,1.677,2,2,1,0
CT-03,generator,29,97.15,2.492,283.14,114.42,88.56,87.16,1.623,2,2,1,0
CT-03,generator,30,95.26,2.258,281.62,113.13,88.26,87.13,1.513,2,2,1,1
CT-03,generator,31,101.34,2.411,295.74,116.72,87.38,83.59,1.46,2,2,1,0
CT-03,generator,32,97.0,2.519,289.54,117.45,88.85,88.51,1.918,2,2,1,0
CT-03,generator,33,96.62,2.416,291.79,114.99,87.99,84.7,1.568,2,2,1,0
CT-03,generator,34,96.5,2.239,290.71,114.56,89.22,82.58,1.502,2,2,1,0
CT-03,generator,35,95.93,2.373,287.92,118.73,85.18,85.05,1.726,2,2,1,0
CT-03,generator,36,101.05,2.698,295.23,116.21,85.12,86.38,1.509,2,2,1,0
CT-03,generator,37,94.99,2.638,284.16,117.29,85.96,84.81,1.736,2,2,1,0
CT-03,generator,38,94.89,2.566,284.77,116.02,86.29,83.67,1.924,2,2,1,0
CT-03,generator,39,97.01,2.798,295.72,113.95,86.13,83.55,1.657,2,2,1,0
CT-03,generator,40,100.66,2.36,295.04,121.48,86.82,84.53,1.736,2,2,1,0
CT-03,generator,41,94.96,2.94,292.28,121.96,86.58,84.18,1.51,2,2,1,0
CT-03,generator,42,101.55,2.408,277.33,120.71,85.8,85.53,2.074,2,2,1,0
CT-03,generator,43,99.44,2.529,286.97,121.73,84.87,81.94,1.964,2,2,1,0
CT-03,generator,44,97.77,2.766,286.23,119.1,86.96,85.44,1.84,2,2,1,0
CT-03,generator,45,98.03,2.857,276.94,118.56,88.01,84.16,2.034,2,2,1,0
CT-03,generator,46,101.34,2.634,291.06,124.08,85.63,81.73,1.997,2,2,1,0
CT-03,generator,47,97.89,2.33,292.21,114.55,86.2,83.99,2.144,2,2,1,0
CT-03,generator,48,96.78,2.99,285.85,124.64,85.26,81.1,1.779,2,2,1,0
CT-03,generator,49,100.97,3.054,283.39,115.55,87.5,81.03,2.329,2,2,1,0
CT-03,generator,50,104.27,2.774,286.03,118.46,85.5,82.2,1.878,2,2,1,0
CT-03,generator,51,103.51,2.99,281.18,118.54,84.37,80.93,2.425,2,2,1,1
CT-03,generator,52,103.2,3.194,282.16,119.52,85.75,83.76,2.26,2,2,1,0
CT-03,generator,53,101.07,2.926,279.02,121.92,84.84,80.09,2.363,2,2,1,1
CT-03,generator,54,102.73,3.151,276.88,120.34,85.52,79.41,1.632,2,2,1,1
CT-03,generator,55,104.68,2.762,278.76,127.66,86.59,77.72,1.851,2,2,1,1
CT-03,generator,56,99.71,3.347,278.13,124.12,85.01,79.76,1.734,2,2,1,1
CT-03,generator,57,97.0,3.058,285.28,118.79,83.77,85.36,1.788,2,2,1,0
CT-03,generator,58,104.52,2.598,291.93,123.45,86.64,80.21,2.32,2,2,1,0
CT-03,generator,59,103.96,2.567,290.62,121.66,81.27,84.21,2.528,2,2,1,1
CT-03,generator,60,101.63,3.013,288.65,118.17,84.27,79.32,2.135,2,2,1,1
CT-03,generator,61,106.09,3.168,268.75,124.08,83.05,77.91,1.763,2,2,1,1
CT-03,generator,62,101.82,3.299,284.89,126.69,86.41,80.61,2.211,2,2,1,1
CT-03,generator,63,102.23,2.594,264.35,122.43,81.32,83.92,2.202,2,2,1,1
CT-03,generator,64,105.67,2.98,286.67,121.73,84.96,80.7,1.766,2,2,1,1
CT-03,generator,65,102.46,3.469,268.18,127.24,81.97,81.19,2.001,2,2,1,1
CT-03,generator,66,100.91,3.12,291.07,123.93,84.79,82.8,2.108,2,2,1,1
CT-03,generator,67,99.4,3.212,270.95,118.79,85.81,84.9,2.298,2,2,1,1
CT-03,generator,68,100.85,2.791,276.87,130.78,80.32,79.49,1.826,2,2,1,1
CT-03,generator,69,107.24,3.235,275.46,122.88,85.74,75.13,1.896,2,2,1,1
CT-04,pump,1,73.93,1.474,277.35,98.02,91.59,100.3,1.275,4,2,2,0
CT-04,pump,2,73.72,1.542,280.21,99.94,91.71,99.45,1.224,4,2,2,0
CT-04,pump,3,73.89,1.588,277.68,100.29,91.55,99.51,1.307,4,2,2,0
CT-04,pump,4,74.13,1.588,283.92,99.84,91.29,98.83,1.265,4,2,2,0
CT-04,pump,5,74.48,1.565,281.99,102.31,90.07,100.2,1.28,4,2,2,0
CT-04,pump,6,73.97,1.576,281.98,102.32,90.46,99.17,1.229,4,2,2,0
CT-04,pump,7,74.48,1.692,278.5,101.63,90.55,98.13,1.34,4,2,2,0
CT-04,pump,8,74.99,1.695,276.95,101.83,91.14,99.24,1.314,4,2,2,0
CT-04,pump,9,75.41,1.629,279.06,101.98,90.77,98.05,1.434,4,2,2,0
CT-04,pump,10,76.69,1.631,275.14,104.14,91.31,98.92,1.427,4,2,2,1
CT-04,pump,11,74.3,1.72,274.59,102.41,90.87,99.0,1.322,4,2,2,0
CT-04,pump,12,74.25,1.754,273.5,104.78,90.13,98.16,1.501,4,2,2,0
CT-04,pump,13,74.63,1.667,279.26,104.6,90.37,98.05,1.406,4,2,2,0
CT-04,pump,14,76.49,1.712,279.9,102.15,90.58,100.12,1.385,4,2,2,0
CT-04,pump,15,77.62,1.805,274.93,104.66,90.12,98.42,1.593,4,2,2,0
CT-04,pump,16,77.98,1.899,276.13,105.2,90.53,98.75,1.545,4,2,2,0
CT-04,pump,17,78.78,1.68,272.38,103.51,91.19,97.58,1.428,4,2,2,0
CT-04,pump,18,74.65,1.893,276.75,103.48,89.13,95.86,1.58,4,2,2,0
CT-04,pump,19,74.87,1.674,277.46,108.18,91.71,98.75,1.487,4,2,2,0
CT-04,pump,20,79.87,1.765,273.29,105.07,90.93,96.06,1.426,4,2,2,0
CT-04,pump,21,77.35,1.839,271.57,103.24,89.71,96.12,1.455,4,2,2,0
CT-04,pump,22,77.42,1.695,274.82,106.68,89.78,97.9,1.44,4,2,2,0
CT-04,pump,23,78.0,1.844,271.33,106.38,89.14,97.35,1.422,4,2,2,0
CT-04,pump,24,78.13,1.825,272.51,105.26,88.89,97.83,1.666,4,2,2,1
CT-04,pump,25,76.72,1.745,273.4,107.42,89.41,99.1,1.488,4,2,2,0
CT-04,pump,26,79.8,1.935,271.41,104.72,90.29,94.88,1.719,4,2,2,0
CT-04,pump,27,80.46,1.925,274.06,107.25,89.03,93.87,1.738,4,2,2,0
CT-04,pump,28,74.82,1.993,269.77,108.41,89.02,98.41,1.624,4,2,2,0
CT-04,pump,29,79.82,2.164,274.06,109.05,88.57,95.37,1.68,4,2,2,0
CT-04,pump,30,81.76,2.026,276.6,108.31,90.44,94.19,1.503,4,2,2,1
CT-04,pump,31,82.71,1.963,268.94,104.13,87.51,96.95,1.824,4,2,2,0
CT-04,pump,32,80.52,2.23,268.93,105.99,87.81,95.11,1.571,4,2,2,0
CT-04,pump,33,82.46,2.313,270.18,107.82,87.63,93.73,1.874,4,2,2,0
CT-04,pump,34,82.69,2.099,270.48,109.4,89.19,95.7,1.686,4,2,2,0
CT-04,pump,35,78.02,2.209,273.27,111.88,86.39,97.46,1.715,4,2,2,0
CT-04,pump,36,79.31,2.237,267.98,111.48,88.22,94.55,1.66,4,2,2,1
CT-04,pump,37,84.53,2.195,259.75,112.55,88.62,91.32,1.571,4,2,2,0
CT-04,pump,38,82.99,2.402,265.74,111.74,88.59,93.05,1.783,4,2,2,0
CT-04,pump,39,86.02,2.462,265.83,110.16,88.23,96.44,1.825,4,2,2,0
CT-04,pump,40,78.67,2.194,269.99,109.4,86.92,93.78,1.719,4,2,2,0
CT-04,pump,41,83.33,2.075,270.21,104.94,86.29,94.66,1.763,4,2,2,0
CT-04,pump,42,83.26,2.333,264.07,108.85,86.3,94.44,1.763,4,2,2,0
CT-04,pump,43,79.82,2.183,259.47,113.97,86.22,95.2,2.13,4,2,2,0
CT-04,pump,44,82.09,2.194,268.35,106.59,85.05,94.22,1.66,4,2,2,0
CT-04,pump,45,86.15,2.002,272.45,111.1,86.23,92.6,1.857,4,2,2,0
CT-04,pump,46,87.49,2.23,258.13,111.78,85.8,96.35,2.256,4,2,2,0
CT-04,pump,47,82.7,2.501,257.26,109.98,84.81,96.11,1.847,4,2,2,0
CT-04,pump,48,86.97,2.194,269.78,108.27,86.74,94.58,2.307,4,2,2,0
CT-04,pump,49,81.72,2.188,265.33,109.61,86.83,90.75,1.951,4,2,2,0
CT-04,pump,50,81.86,2.139,265.24,110.95,84.79,94.02,2.17,4,2,2,0
CT-04,pump,51,86.74,2.251,266.99,114.66,88.23,93.91,1.938,4,2,2,0
CT-04,pump,52,88.3,2.604,256.04,117.28,86.0,91.32,2.058,4,2,2,0
CT-04,pump,53,87.28,2.632,251.53,115.41,88.03,95.0,2.358,4,2,2,0
CT-04,pump,54,81.77,2.593,256.06,117.82,87.31,90.83,2.242,4,2,2,0
CT-04,pump,55,82.77,2.889,247.05,107.87,87.47,91.34,2.245,4,2,2,0
CT-04,pump,56,89.79,2.814,262.74,108.97,82.56,88.54,1.858,4,2,2,0
CT-04,pump,57,89.79,2.378,266.46,108.4,84.98,90.72,2.043,4,2,2,0
CT-04,pump,58,81.48,2.305,267.08,116.54,84.11,95.34,1.769,4,2,2,1
CT-04,pump,59,84.1,2.888,252.68,114.43,83.65,92.06,2.486,4,2,2,0
CT-04,pump,60,86.72,2.618,262.26,108.53,86.53,89.58,2.273,4,2,2,0
CT-04,pump,61,86.6,2.458,264.16,114.95,86.65,92.04,1.716,4,2,2,0
CT-04,pump,62,89.1,3.009,255.73,117.13,85.09,95.48,2.687,4,2,2,1
CT-04,pump,63,91.06,2.656,248.58,114.82,81.44,86.86,1.826,4,2,2,1
CT-04,pump,64,87.73,2.747,258.82,112.07,82.54,91.06,2.557,4,2,2,0
CT-04,pump,65,90.26,2.729,258.57,113.13,84.29,90.22,2.745,4,2,2,0
CT-04,pump,66,84.81,2.776,264.21,115.08,84.4,90.32,2.101,4,2,2,0
CT-04,pump,67,81.57,2.376,251.94,119.49,86.69,92.28,2.816,4,2,2,0
CT-04,pump,68,80.6,3.268,265.88,114.18,82.69,90.51,2.282,4,2,2,1
CT-04,pump,69,82.03,2.374,263.28,111.97,85.78,88.13,2.194,4,2,2,0
CT-04,pump,70,85.28,2.411,244.98,124.22,86.81,92.04,2.005,4,2,2,0
CT-04,pump,71,83.03,2.719,259.86,110.44,85.83,88.52,1.996,4,2,2,0
CT-04,pump,72,89.7,2.597,261.77,112.79,85.18,87.11,2.553,4,2,2,1
CT-04,pump,73,93.86,2.687,250.05,116.5,84.91,89.73,1.922,4,2,2,0
CT-04,pump,74,85.11,2.647,244.99,119.92,84.34,85.77,2.925,4,2,2,0
CT-05,compressor,1,87.64,1.925,283.75,83.97,93.2,84.16,1.425,4,1,4,0
CT-05,compressor,2,86.71,1.87,281.45,84.19,92.83,85.49,1.499,4,1,4,0
CT-05,compressor,3,87.76,1.888,283.14,85.37,93.36,85.69,1.4,4,1,4,0
CT-05,compressor,4,88.56,1.869,280.02,86.16,93.18,83.89,1.447,4,1,4,0
CT-05,compressor,5,90.6,1.934,281.55,84.82,92.52,84.02,1.426,4,1,4,0
CT-05,compressor,6,88.34,1.909,281.93,84.85,93.35,84.05,1.541,4,1,4,0
CT-05,compressor,7,88.47,1.932,280.68,85.23,92.87,83.23,1.357,4,1,4,0
CT-05,compressor,8,88.84,2.071,278.96,86.4,91.85,83.95,1.433,4,1,4,0
CT-05,compressor,9,89.58,2.091,279.59,86.95,91.99,83.99,1.42,4,1,4,0
CT-05,compressor,10,89.77,2.033,280.77,86.27,93.02,82.98,1.578,4,1,4,0
CT-05,compressor,11,90.55,2.041,280.04,88.72,92.9,83.08,1.515,4,1,4,0
CT-05,compressor,12,89.06,2.241,277.14,85.78,93.2,82.47,1.525,4,1,4,0
CT-05,compressor,13,88.94,2.064,278.76,84.57,91.9,82.14,1.458,4,1,4,0
CT-05,compressor,14,90.62,2.222,274.94,87.95,92.81,81.74,1.625,4,1,4,0
CT-05,compressor,15,90.64,2.254,273.62,90.33,92.78,84.63,1.681,4,1,4,0
CT-05,compressor,16,91.11,2.108,280.24,87.22,92.79,82.8,1.656,4,1,4,0
CT-05,compressor,17,89.92,2.272,278.45,89.65,93.13,83.11,1.658,4,1,4,0
CT-05,compressor,18,92.9,2.128,282.22,90.34,92.5,82.81,1.491,4,1,4,0
CT-05,compressor,19,92.93,2.337,272.2,86.76,92.49,81.18,1.513,4,1,4,0
CT-05,compressor,20,90.14,2.341,271.78,88.1,91.67,83.5,1.613,4,1,4,0
CT-05,compressor,21,92.02,2.14,278.42,87.37,90.19,80.39,1.657,4,1,4,0
CT-05,compressor,22,90.52,2.258,274.11,88.09,91.72,82.04,1.513,4,1,4,0
CT-05,compressor,23,91.89,2.249,281.69,84.98,91.78,81.01,1.54,4,1,4,0
CT-05,compressor,24,90.91,2.503,273.34,88.52,91.3,82.46,1.775,4,1,4,0
CT-05,compressor,25,94.13,2.259,275.78,89.24,88.97,81.43,1.72,4,1,4,0
CT-05,compressor,26,92.23,2.434,270.5,86.94,91.43,81.22,1.794,4,1,4,1
CT-05,compressor,27,90.84,2.321,276.45,89.27,91.0,79.66,1.715,4,1,4,0
CT-05,compressor,28,92.76,2.441,269.19,91.64,90.83,81.22,2.103,4,1,4,0
CT-05,compressor,29,91.58,2.343,269.18,89.72,90.44,80.67,1.667,4,1,4,0
CT-05,compressor,30,94.2,2.507,275.74,90.1,89.14,82.55,2.032,4,1,4,0
CT-05,compressor,31,92.75,2.474,271.0,90.24,90.15,82.59,2.039,4,1,4,0
CT-05,compressor,32,90.94,2.624,273.31,94.85,89.4,82.51,1.679,4,1,4,0
CT-05,compressor,33,95.37,2.609,273.09,90.07,89.06,79.36,1.605,4,1,4,0
CT-05,compressor,34,93.13,2.445,266.19,96.45,89.51,79.32,2.125,4,1,4,0
CT-05,compressor,35,96.21,2.742,263.23,91.36,90.46,76.86,1.686,4,1,4,0
CT-05,compressor,36,95.13,2.808,263.43,93.91,90.51,78.38,1.983,4,1,4,0
CT-05,compressor,37,93.4,2.541,270.73,96.09,87.32,79.45,1.86,4,1,4,0
CT-05,compressor,38,94.56,2.459,264.89,93.05,91.24,80.98,1.899,4,1,4,0
CT-05,compressor,39,99.49,2.435,266.63,95.88,90.39,77.31,1.781,4,1,4,0
CT-05,compressor,40,97.26,2.661,267.5,94.84,87.6,80.49,1.683,4,1,4,0
CT-05,compressor,41,90.41,2.431,259.62,90.15,88.24,79.94,2.113,4,1,4,0
CT-05,compressor,42,98.42,2.621,271.25,94.94,87.73,79.39,1.965,4,1,4,0
CT-05,compressor,43,94.34,2.717,267.94,93.94,88.69,78.88,1.827,4,1,4,0
CT-05,compressor,44,94.76,2.621,266.27,100.19,89.22,77.39,1.737,4,1,4,0
CT-05,compressor,45,95.95,2.861,271.64,92.49,86.62,80.47,1.817,4,1,4,0
CT-05,compressor,46,96.69,3.025,257.8,94.29,88.02,79.49,2.189,4,1,4,0
CT-05,compressor,47,98.42,2.344,272.52,92.98,89.49,81.06,2.483,4,1,4,0
CT-05,compressor,48,99.75,2.929,262.42,91.32,86.37,79.37,2.185,4,1,4,0
CT-05,compressor,49,96.38,2.404,255.21,94.35,88.47,77.1,2.16,4,1,4,0
CT-05,compressor,50,94.32,2.832,259.03,94.68,87.21,77.71,2.105,4,1,4,0
CT-05,compressor,51,97.98,3.032,265.94,92.2,89.15,74.48,2.041,4,1,4,0
CT-05,compressor,52,96.56,2.943,262.31,98.6,89.11,74.58,2.279,4,1,4,0
CT-05,compressor,53,98.31,2.678,256.81,92.75,87.98,76.63,2.336,4,1,4,0
CT-05,compressor,54,98.18,3.021,265.7,99.47,87.81,73.33,2.395,4,1,4,1
CT-05,compressor,55,95.72,2.825,256.08,94.19,85.28,76.25,1.954,4,1,4,1
CT-05,compressor,56,99.7,2.614,260.99,97.09,84.63,74.81,2.604,4,1,4,1
CT-05,compressor,57,96.18,3.295,261.75,96.98,88.2,75.23,2.035,4,1,4,0
CT-05,compressor,58,99.65,3.083,251.82,100.78,87.2,75.3,2.489,4,1,4,1
CT-05,compressor,59,100.41,3.343,264.68,94.15,85.95,78.35,1.997,4,1,4,1
CT-05,compressor,60,99.21,2.518,256.37,98.58,86.24,75.36,2.585,4,1,4,1
CT-05,compressor,61,97.52,2.71,263.6,94.63,88.9,73.03,2.127,4,1,4,0
CT-05,compressor,62,97.36,2.903,264.65,101.64,89.3,73.57,2.536,4,1,4,0
CT-05,compressor,63,99.47,3.204,263.57,100.47,86.6,72.69,2.5,4,1,4,1
CT-05,compressor,64,100.6,3.113,268.72,94.09,86.21,70.73,2.784,4,1,4,1
CT-05,compressor,65,97.51,2.904,248.01,104.39,83.88,75.41,2.024,4,1,4,1
CT-05,compressor,66,101.88,3.224,266.68,97.08,83.52,75.02,2.171,4,1,4,1
CT-05,compressor,67,98.64,3.021,268.58,93.18,84.27,74.71,1.919,4,1,4,1
CT-05,compressor,68,104.59,3.554,258.7,99.42,82.64,73.19,2.854,4,1,4,1
CT-05,compressor,69,99.32,3.357,258.6,98.08,84.04,73.61,2.904,4,1,4,1
CT-05,compressor,70,102.87,2.696,252.23,99.22,85.41,74.03,2.898,4,1,4,1
CT-05,compressor,71,96.82,3.24,266.75,96.75,85.15,77.0,2.244,4,1,4,1
CT-05,compressor,72,102.0,2.999,268.96,98.73,89.08,73.88,2.193,4,1,4,1
CT-05,compressor,73,96.87,3.29,261.45,95.06,83.87,70.99,2.195,4,1,4,1
CT-05,compressor,74,96.12,3.248,257.78,105.35,82.64,73.92,2.667,4,1,4,1
CT-05,compressor,75,97.42,3.778,258.3,106.4,87.08,76.61,2.162,4,1,4,1
CT-05,compressor,76,110.22,2.75,265.31,109.15,85.3,78.43,2.225,4,1,4,1
CT-05,compressor,77,97.02,3.321,263.98,98.87,82.64,74.42,2.847,4,1,4,1
CT-05,compressor,78,98.6,3.376,260.41,97.57,83.61,77.69,3.071,4,1,4,1
CT-05,compressor,79,99.51,3.627,248.32,102.39,83.27,76.93,2.426,4,1,4,1
CT-06,blender,1,79.7,1.748,303.09,94.51,95.88,104.78,1.36,4,3,5,0
CT-06,blender,2,79.5,1.854,300.64,99.58,97.42,103.22,1.383,4,3,5,0
CT-06,blender,3,81.63,1.823,301.44,96.29,96.56,104.53,1.464,4,3,5,1
CT-06,blender,4,78.79,1.835,298.85,95.73,95.43,104.02,1.452,4,3,5,0
CT-06,blender,5,79.04,1.81,303.96,98.58,95.38,104.11,1.453,4,3,5,0
CT-06,blender,6,79.99,1.961,298.83,97.22,95.49,103.64,1.553,4,3,5,0
CT-06,blender,7,80.8,1.887,297.99,98.81,95.69,104.69,1.566,4,3,5,0
CT-06,blender,8,79.2,1.898,302.56,99.07,95.64,101.62,1.46,4,3,5,0
CT-06,blender,9,79.28,1.841,300.3,97.67,94.74,103.13,1.582,4,3,5,0
CT-06,blender,10,79.34,2.077,298.52,101.0,96.26,102.83,1.627,4,3,5,0
CT-06,blender,11,82.06,2.066,298.76,100.6,95.35,103.91,1.492,4,3,5,0
CT-06,blender,12,82.64,2.087,293.15,98.68,96.54,101.97,1.68,4,3,5,0
CT-06,blender,13,81.57,1.98,301.05,100.73,94.88,103.54,1.498,4,3,5,0
CT-06,blender,14,83.58,2.066,299.23,99.29,96.06,102.88,1.687,4,3,5,0
CT-06,blender,15,82.87,2.02,297.02,101.32,94.64,103.46,1.543,4,3,5,0
CT-06,blender,16,81.67,2.091,294.33,101.01,95.58,101.09,1.542,4,3,5,0
CT-06,blender,17,80.17,2.143,294.13,100.33,93.43,101.18,1.542,4,3,5,0
CT-06,blender,18,82.4,2.069,293.41,102.73,94.92,99.72,1.763,4,3,5,0
CT-06,blender,19,81.58,2.02,293.88,99.81,95.52,101.21,1.528,4,3,5,0
CT-06,blender,20,82.41,2.044,298.42,99.98,94.64,99.91,1.808,4,3,5,0
CT-06,blender,21,82.02,2.315,289.22,98.77,94.3,101.14,1.496,4,3,5,0
CT-06,blender,22,84.93,2.275,295.62,103.14,93.85,102.08,1.736,4,3,5,0
CT-06,blender,23,84.54,2.249,297.64,105.8,94.45,101.73,1.777,4,3,5,0
CT-06,blender,24,84.6,2.085,292.27,99.57,94.39,101.29,1.527,4,3,5,0
CT-06,blender,25,85.18,2.109,295.9,101.13,94.27,101.97,1.619,4,3,5,0
CT-06,blender,26,80.7,2.23,292.03,102.04,94.3,99.48,1.731,4,3,5,0
CT-06,blender,27,84.26,2.463,291.06,104.3,94.01,100.89,1.628,4,3,5,0
CT-06,blender,28,85.61,2.332,288.42,105.21,94.58,98.63,2.038,4,3,5,0
CT-06,blender,29,85.85,2.252,288.78,104.18,92.97,100.37,1.726,4,3,5,0
CT-06,blender,30,81.86,2.415,295.35,105.71,93.21,98.87,1.74,4,3,5,0
CT-06,blender,31,86.65,2.621,289.25,101.95,92.74,98.71,1.625,4,3,5,0
CT-06,blender,32,88.34,2.134,286.95,104.45,94.3,100.78,1.695,4,3,5,0
CT-06,blender,33,86.13,2.433,291.39,107.21,90.68,100.49,1.691,4,3,5,0
CT-06,blender,34,87.36,2.708,286.54,101.3,91.76,98.72,2.068,4,3,5,0
CT-06,blender,35,82.85,2.492,283.97,104.62,92.25,99.06,2.091,4,3,5,0
CT-06,blender,36,82.98,2.427,282.58,105.7,92.92,99.84,2.017,4,3,5,0
CT-06,blender,37,85.06,2.22,290.9,109.26,94.06,98.13,1.638,4,3,5,0
CT-06,blender,38,86.57,2.353,293.14,105.65,91.16,101.45,2.211,4,3,5,0
CT-06,blender,39,84.26,2.703,288.79,107.56,93.9,97.25,1.83,4,3,5,1
CT-06,blender,40,85.19,2.575,293.66,101.6,92.01,97.97,1.923,4,3,5,0
CT-06,blender,41,88.88,2.24,292.55,104.33,91.72,96.48,2.045,4,3,5,0
CT-06,blender,42,86.73,2.739,290.89,106.3,91.85,99.64,2.486,4,3,5,0
CT-06,blender,43,85.65,2.596,278.0,104.6,94.4,98.86,1.907,4,3,5,0
CT-06,blender,44,90.06,2.859,293.32,106.81,91.8,96.58,2.133,4,3,5,0
CT-06,blender,45,83.8,2.253,288.21,107.03,91.46,98.26,2.148,4,3,5,0
CT-06,blender,46,86.44,2.289,289.93,104.86,91.75,96.07,1.771,4,3,5,0
CT-06,blender,47,91.37,2.748,289.68,108.45,90.19,97.62,1.784,4,3,5,0
CT-06,blender,48,88.75,2.751,278.0,108.22,90.31,94.69,1.83,4,3,5,0
CT-06,blender,49,83.16,2.857,282.39,113.64,93.19,100.79,1.86,4,3,5,0
CT-06,blender,50,93.79,2.987,277.48,112.75,93.03,100.12,2.242,4,3,5,0
CT-06,blender,51,92.2,2.632,285.03,103.47,88.26,98.0,1.852,4,3,5,0
CT-06,blender,52,89.16,3.085,292.79,105.89,89.25,96.29,1.91,4,3,5,0
CT-06,blender,53,91.81,2.485,291.06,104.78,91.76,96.62,2.047,4,3,5,0
CT-06,blender,54,86.8,2.736,291.15,110.85,91.56,100.67,2.228,4,3,5,0
CT-06,blender,55,87.98,2.808,286.69,104.92,88.48,94.03,2.027,4,3,5,0
CT-06,blender,56,85.73,2.682,282.94,108.75,88.38,99.44,2.371,4,3,5,0
CT-06,blender,57,88.14,2.73,284.56,113.08,90.02,92.73,1.952,4,3,5,0
CT-06,blender,58,88.28,2.896,276.48,109.21,89.01,93.27,2.125,4,3,5,0
CT-06,blender,59,90.79,2.379,277.43,110.09,87.74,94.96,2.442,4,3,5,0
CT-06,blender,60,89.09,2.703,277.81,109.92,91.97,93.52,2.086,4,3,5,0
CT-06,blender,61,87.22,3.039,289.01,112.02,89.77,97.77,2.827,4,3,5,0
CT-06,blender,62,92.49,2.536,283.11,104.75,92.35,97.89,2.439,4,3,5,0
CT-06,blender,63,89.76,2.707,286.6,109.15,91.4,95.32,2.394,4,3,5,0
CT-06,blender,64,88.73,2.913,267.9,112.37,91.72,98.85,2.808,4,3,5,0
CT-06,blender,65,90.17,2.656,281.35,117.4,92.04,97.13,2.049,4,3,5,0
CT-06,blender,66,92.84,2.513,287.47,113.07,88.39,98.13,2.152,4,3,5,0
CT-06,blender,67,86.8,2.785,283.83,113.51,85.18,92.05,2.927,4,3,5,0
CT-06,blender,68,88.86,3.313,277.39,108.23,86.94,93.95,2.219,4,3,5,0
CT-06,blender,69,97.91,2.655,274.46,116.65,86.89,97.04,1.959,4,3,5,0
CT-06,blender,70,98.84,2.925,269.51,116.92,88.18,98.38,2.927,4,3,5,0
CT-06,blender,71,92.32,3.273,268.25,119.48,89.16,93.42,3.023,4,3,5,0
CT-06,blender,72,91.51,3.12,267.31,114.07,87.74,89.88,2.319,4,3,5,0
CT-06,blender,73,97.9,3.045,263.07,118.69,85.64,98.23,2.191,4,3,5,0
CT-06,blender,74,91.27,3.243,265.06,114.1,90.91,98.47,2.278,4,3,5,0
CT-06,blender,75,89.6,2.845,267.42,120.71,90.75,96.63,2.758,4,3,5,0
CT-06,blender,76,96.22,2.7,284.92,114.28,88.69,97.89,2.708,4,3,5,0
CT-06,blender,77,93.31,3.173,265.87,118.66,89.62,92.88,2.888,4,3,5,0
CT-06,blender,78,94.57,3.351,270.31,116.6,90.32,90.54,2.745,4,3,5,0
CT-06,blender,79,100.06,3.648,265.46,118.02,90.93,94.98,2.446,4,3,5,0
CT-06,blender,80,101.22,3.806,277.73,110.98,88.98,89.01,3.111,4,3,5,1
CT-06,blender,81,93.37,3.392,278.9,121.92,90.96,97.06,2.789,4,3,5,0
CT-06,blender,82,90.73,2.815,262.11,111.36,84.09,97.1,2.575,4,3,5,0
CT-06,blender,83,95.38,3.11,261.72,116.39,89.72,91.78,3.138,4,3,5,1
CT-06,blender,84,96.09,3.715,265.41,115.38,88.28,97.41,2.492,4,3,5,1
CT-07,generator,1,73.71,1.842,239.75,94.74,92.1,84.18,1.405,4,2,5,0
CT-07,generator,2,75.13,1.807,241.62,96.05,92.3,84.0,1.427,4,2,5,0
CT-07,generator,3,74.44,1.816,240.66,96.7,91.94,85.16,1.547,4,2,5,0
CT-07,generator,4,77.14,1.878,242.32,96.3,91.4,84.28,1.507,4,2,5,0
CT-07,generator,5,77.03,1.869,239.72,97.21,92.52,84.68,1.54,4,2,5,0
CT-07,generator,6,74.9,1.793,238.79,96.41,91.82,83.64,1.558,4,2,5,0
CT-07,generator,7,77.7,1.842,237.17,97.32,91.08,84.92,1.752,4,2,5,0
CT-07,generator,8,77.32,1.951,238.59,95.62,90.72,82.75,1.509,4,2,5,0
CT-07,generator,9,78.22,1.992,239.12,98.94,91.54,83.99,1.671,4,2,5,0
CT-07,generator,10,78.98,1.897,237.37,98.52,91.46,83.81,1.726,4,2,5,0
CT-07,generator,11,77.74,1.958,235.51,97.71,90.46,83.76,1.674,4,2,5,0
CT-07,generator,12,78.56,1.875,235.6,100.15,89.82,83.96,1.487,4,2,5,0
CT-07,generator,13,75.78,2.061,236.44,100.31,90.53,82.69,1.655,4,2,5,0
CT-07,generator,14,78.25,1.989,236.11,99.11,90.5,82.1,1.686,4,2,5,0
CT-07,generator,15,75.78,2.1,239.02,97.57,90.59,82.26,1.855,4,2,5,0
CT-07,generator,16,78.24,2.072,234.95,97.55,89.14,82.81,1.797,4,2,5,0
CT-07,generator,17,78.58,1.977,233.85,98.42,89.23,83.99,1.734,4,2,5,0
CT-07,generator,18,78.25,2.113,227.38,103.08,89.52,80.99,1.692,4,2,5,0
CT-07,generator,19,80.24,2.125,235.84,99.99,90.02,81.42,1.657,4,2,5,0
CT-07,generator,20,76.1,2.011,238.87,99.35,90.55,81.23,1.763,4,2,5,0
CT-07,generator,21,78.69,2.119,231.55,99.7,90.09,83.91,1.857,4,2,5,0
CT-07,generator,22,80.07,2.17,231.09,102.25,89.53,81.21,1.952,4,2,5,0
CT-07,generator,23,82.26,2.194,234.55,104.14,88.27,81.08,1.828,4,2,5,0
CT-07,generator,24,80.75,2.182,234.71,101.75,89.17,82.45,1.778,4,2,5,0
CT-07,generator,25,83.7,2.366,228.42,101.84,89.65,83.36,1.885,4,2,5,0
CT-07,generator,26,79.42,2.398,228.21,103.64,89.71,81.46,1.734,4,2,5,0
CT-07,generator,27,81.1,2.181,231.96,102.1,88.32,78.89,1.761,4,2,5,0
CT-07,generator,28,78.79,2.143,225.98,104.09,87.72,79.61,1.712,4,2,5,0
CT-07,generator,29,79.02,2.483,231.02,103.82,86.65,79.45,1.959,4,2,5,0
CT-07,generator,30,79.78,2.13,227.56,105.14,87.43,78.57,1.746,4,2,5,0
CT-07,generator,31,81.22,2.335,232.66,103.23,87.76,81.88,1.925,4,2,5,0
CT-07,generator,32,81.03,2.486,224.02,101.1,87.3,81.61,1.971,4,2,5,0
CT-07,generator,33,79.23,2.351,225.69,101.62,88.2,82.29,1.756,4,2,5,0
CT-07,generator,34,82.89,2.414,223.49,101.6,86.54,80.52,1.759,4,2,5,0
CT-07,generator,35,84.92,2.272,228.5,101.34,89.3,78.87,2.151,4,2,5,0
CT-07,generator,36,83.43,2.288,228.77,102.87,88.08,77.98,1.949,4,2,5,0
CT-07,generator,37,82.69,2.45,220.48,103.26,87.22,82.92,2.309,4,2,5,0
CT-07,generator,38,83.02,2.726,226.14,101.14,87.78,79.66,2.187,4,2,5,0
CT-07,generator,39,84.7,2.198,224.43,108.18,86.85,76.63,2.161,4,2,5,0
CT-07,generator,40,87.16,2.309,221.48,104.14,85.37,77.48,2.109,4,2,5,1
CT-07,generator,41,84.67,2.574,233.37,107.93,87.66,79.78,1.944,4,2,5,0
CT-07,generator,42,80.45,2.32,224.19,107.35,85.51,81.03,2.241,4,2,5,0
CT-07,generator,43,82.61,2.947,224.95,101.37,86.43,76.57,2.247,4,2,5,1
CT-07,generator,44,84.34,2.499,232.54,106.12,86.46,82.08,2.036,4,2,5,0
CT-07,generator,45,82.76,2.653,221.45,108.3,85.53,80.75,2.458,4,2,5,0
CT-07,generator,46,87.92,2.872,222.23,106.98,86.23,78.74,2.405,4,2,5,1
CT-07,generator,47,88.16,2.274,232.06,106.54,87.39,75.5,1.952,4,2,5,0
CT-07,generator,48,84.24,2.678,220.13,103.28,84.59,76.27,2.336,4,2,5,1
CT-07,generator,49,81.64,2.43,211.8,103.5,84.82,76.59,2.208,4,2,5,1
CT-07,generator,50,80.92,2.428,222.44,108.98,86.67,75.28,2.27,4,2,5,1
CT-07,generator,51,81.02,3.129,225.75,106.22,86.84,75.93,2.417,4,2,5,1
CT-07,generator,52,85.87,2.462,220.18,112.46,86.79,79.69,2.093,4,2,5,0
CT-07,generator,53,84.0,2.838,223.64,103.9,84.78,75.26,2.552,4,2,5,1
CT-07,generator,54,82.36,3.056,221.72,109.93,85.29,80.74,2.298,4,2,5,1
CT-07,generator,55,84.63,2.497,211.72,103.98,86.94,79.9,2.473,4,2,5,1
CT-07,generator,56,84.61,3.238,217.9,106.43,85.22,73.45,2.483,4,2,5,1
CT-07,generator,57,88.14,2.93,214.68,115.2,87.83,79.23,2.314,4,2,5,1
CT-07,generator,58,92.45,2.91,209.73,111.5,87.57,79.2,2.081,4,2,5,1
CT-07,generator,59,91.54,2.589,213.08,107.15,85.93,78.15,2.429,4,2,5,1
CT-07,generator,60,89.31,2.525,220.1,103.56,82.5,78.86,2.768,4,2,5,1
CT-07,generator,61,92.6,2.858,214.59,106.84,82.59,71.93,2.669,4,2,5,1
CT-07,generator,62,85.1,2.623,204.43,114.08,85.64,74.03,2.394,4,2,5,1
CT-07,generator,63,87.09,3.107,209.51,112.9,84.12,74.68,2.606,4,2,5,1
CT-07,generator,64,86.46,2.621,215.62,105.23,82.76,76.91,2.151,4,2,5,1
CT-07,generator,65,83.64,3.423,207.48,106.64,84.87,71.46,2.278,4,2,5,1
CT-07,generator,66,83.97,3.355,222.83,114.21,84.8,71.75,2.901,4,2,5,1
CT-07,generator,67,87.86,3.361,210.23,117.48,81.5,76.28,3.043,4,2,5,1
CT-07,generator,68,81.92,2.665,224.83,112.28,86.87,73.11,2.395,4,2,5,1
CT-07,generator,69,90.61,3.494,207.44,111.21,80.78,73.8,3.112,4,2,5,1
CT-07,generator,70,87.39,3.28,208.21,111.79,85.68,72.88,2.27,4,2,5,1
CT-07,generator,71,84.36,2.572,203.24,116.92,82.46,74.45,1.915,4,2,5,1
CT-07,generator,72,89.41,2.618,216.12,115.21,86.3,75.56,2.902,4,2,5,1
CT-07,generator,73,84.8,3.452,205.33,112.77,80.48,69.8,2.543,4,2,5,1
CT-07,generator,74,92.16,3.671,200.55,112.25,84.28,68.83,3.179,4,2,5,1
CT-07,generator,75,95.43,3.45,201.93,111.16,83.49,75.91,2.404,4,2,5,1
CT-07,generator,76,92.04,3.262,208.59,114.06,82.15,72.21,2.99,4,2,5,1
CT-07,generator,77,88.16,3.332,201.4,110.7,86.24,69.9,2.212,4,2,5,1
CT-07,generator,78,85.88,3.076,218.56,113.14,83.39,74.11,2.694,4,2,5,1
CT-07,generator,79,96.79,3.306,214.96,119.4,79.22,74.24,2.273,4,2,5,1
CT-07,generator,80,91.99,3.785,215.91,107.94,83.99,71.39,2.275,4,2,5,1
CT-07,generator,81,93.57,3.009,220.68,118.44,81.89,73.54,3.054,4,2,5,1
CT-07,generator,82,88.88,3.266,211.07,120.77,79.58,76.22,3.095,4,2,5,1
CT-07,generator,83,88.78,3.729,193.71,109.38,80.77,70.81,2.846,4,2,5,1
CT-07,generator,84,91.37,3.476,219.57,109.98,84.67,75.23,3.078,4,2,5,1
CT-07,generator,85,95.42,2.949,196.52,121.92,85.09,76.71,2.842,4,2,5,1
CT-07,generator,86,95.39,3.778,207.4,121.88,84.02,69.99,2.204,4,2,5,1
CT-07,generator,87,95.72,2.724,202.24,108.54,82.85,70.45,3.085,4,2,5,1
CT-07,generator,88,100.55,2.725,201.1,113.18,83.7,69.55,3.326,4,2,5,1
CT-07,generator,89,91.2,3.476,188.56,115.18,77.71,65.24,3.11,4,2,5,1
CT-08,pump,1,82.38,1.265,306.28,85.27,92.69,104.55,1.419,4,3,5,0
CT-08,pump,2,82.33,1.292,309.37,82.44,92.2,104.37,1.462,4,3,5,0
CT-08,pump,3,82.03,1.329,306.75,85.74,92.26,104.24,1.528,4,3,5,0
CT-08,pump,4,83.22,1.281,305.43,84.81,91.73,103.79,1.624,4,3,5,0
CT-08,pump,5,82.37,1.362,305.44,85.55,91.25,104.14,1.618,4,3,5,0
CT-08,pump,6,83.32,1.272,308.7,85.3,91.89,102.92,1.566,4,3,5,0
CT-08,pump,7,83.84,1.438,306.3,84.84,90.87,104.01,1.573,4,3,5,0
CT-08,pump,8,84.89,1.424,301.61,86.81,91.22,102.4,1.512,4,3,5,0
CT-08,pump,9,84.63,1.342,306.58,87.32,90.69,103.24,1.599,4,3,5,0
CT-08,pump,10,83.62,1.441,303.83,85.18,91.07,102.46,1.503,4,3,5,0
CT-08,pump,11,84.56,1.431,303.33,86.04,90.76,101.87,1.557,4,3,5,0
CT-08,pump,12,82.95,1.533,302.57,86.73,92.08,104.26,1.515,4,3,5,0
CT-08,pump,13,85.93,1.384,303.69,85.07,89.9,102.1,1.618,4,3,5,0
CT-08,pump,14,84.68,1.455,300.36,85.51,91.19,100.59,1.6,4,3,5,0
CT-08,pump,15,84.17,1.66,300.74,87.54,91.11,103.25,1.592,4,3,5,0
CT-08,pump,16,86.81,1.515,296.9,87.61,90.25,100.95,1.727,4,3,5,0
CT-08,pump,17,84.6,1.549,303.95,87.73,90.31,103.62,1.792,4,3,5,0
CT-08,pump,18,84.27,1.586,301.65,86.72,90.04,101.81,1.698,4,3,5,0
CT-08,pump,19,86.24,1.647,298.67,89.35,89.99,101.82,1.621,4,3,5,0
CT-08,pump,20,85.77,1.59,295.54,90.7,90.5,103.98,1.811,4,3,5,0
CT-08,pump,21,85.92,1.642,302.57,89.56,89.11,101.21,1.84,4,3,5,0
CT-08,pump,22,84.32,1.714,300.01,87.47,90.52,102.69,1.643,4,3,5,0
CT-08,pump,23,86.17,1.83,300.91,89.06,90.16,99.76,1.805,4,3,5,0
CT-08,pump,24,86.86,1.583,306.89,90.14,90.08,99.76,1.807,4,3,5,0
CT-08,pump,25,86.38,1.608,298.97,93.03,89.55,99.85,1.873,4,3,5,0
CT-08,pump,26,87.53,1.641,298.74,88.4,87.81,99.02,1.744,4,3,5,1
CT-08,pump,27,85.48,1.876,301.68,88.35,89.89,98.2,2.014,4,3,5,0
CT-08,pump,28,86.69,1.774,298.16,89.96,90.26,99.99,1.932,4,3,5,0
CT-08,pump,29,89.38,1.842,303.91,92.47,88.64,99.54,1.888,4,3,5,0
CT-08,pump,30,85.96,2.077,299.86,94.63,87.63,101.53,1.898,4,3,5,0
CT-08,pump,31,89.38,1.905,297.2,91.03,90.0,101.39,2.249,4,3,5,0
CT-08,pump,32,88.95,1.908,292.53,90.6,87.29,98.62,1.688,4,3,5,0
CT-08,pump,33,92.32,1.663,289.07,92.5,88.35,100.76,2.137,4,3,5,0
CT-08,pump,34,86.8,2.035,293.07,91.4,88.58,99.24,1.711,4,3,5,0
CT-08,pump,35,90.53,1.847,290.02,92.31,89.0,97.78,1.965,4,3,5,0
CT-08,pump,36,90.1,1.717,287.75,90.41,86.95,98.53,2.11,4,3,5,0
CT-08,pump,37,90.42,1.887,296.69,91.48,88.53,102.21,2.253,4,3,5,0
CT-08,pump,38,91.49,1.8,292.63,94.85,89.79,98.43,2.324,4,3,5,0
CT-08,pump,39,90.22,1.815,292.43,88.39,89.49,98.27,2.028,4,3,5,0
CT-08,pump,40,93.23,2.02,286.29,92.57,89.11,99.21,2.011,4,3,5,0
CT-08,pump,41,85.93,2.19,288.27,94.62,89.08,98.76,1.913,4,3,5,0
CT-08,pump,42,89.7,1.651,287.05,92.13,86.44,96.33,2.161,4,3,5,0
CT-08,pump,43,92.66,2.109,290.11,93.45,88.36,98.84,2.062,4,3,5,0
CT-08,pump,44,91.41,2.29,284.88,89.86,86.67,96.34,2.16,4,3,5,0
CT-08,pump,45,89.92,2.014,289.43,91.77,87.89,95.72,2.2,4,3,5,0
CT-08,pump,46,91.03,1.917,286.85,91.41,88.48,96.41,1.9,4,3,5,0
CT-08,pump,47,92.76,1.859,281.87,91.59,87.74,98.7,2.175,4,3,5,0
CT-08,pump,48,91.94,2.335,290.46,93.07,89.0,94.74,2.108,4,3,5,0
CT-08,pump,49,94.79,2.153,294.44,100.62,88.25,99.15,2.29,4,3,5,0
CT-08,pump,50,90.85,2.449,285.03,95.77,85.11,97.71,1.977,4,3,5,0
CT-08,pump,51,94.47,2.492,292.37,100.67,87.6,95.12,1.921,4,3,5,0
CT-08,pump,52,90.86,1.828,289.13,94.87,87.93,97.24,2.207,4,3,5,0
CT-08,pump,53,89.45,1.801,283.66,97.5,88.42,98.76,2.274,4,3,5,0
CT-08,pump,54,91.16,2.469,277.71,94.79,87.44,96.34,2.268,4,3,5,0
CT-08,pump,55,94.25,2.524,296.24,95.16,85.77,94.35,2.603,4,3,5,0
CT-08,pump,56,92.13,2.579,292.8,92.72,88.01,99.18,2.468,4,3,5,0
CT-08,pump,57,97.69,2.383,293.12,99.12,84.51,96.89,2.626,4,3,5,0
CT-08,pump,58,88.65,2.202,288.14,98.04,83.9,93.54,2.62,4,3,5,0
CT-08,pump,59,93.08,2.021,292.48,93.72,83.88,100.37,2.758,4,3,5,0
CT-08,pump,60,101.21,2.771,294.08,100.72,83.29,96.45,2.621,4,3,5,0
CT-08,pump,61,98.09,2.137,296.55,91.69,86.51,95.34,2.141,4,3,5,0
CT-08,pump,62,90.84,2.514,284.01,98.73,82.72,98.35,2.496,4,3,5,0
CT-08,pump,63,100.56,2.133,291.2,101.21,87.8,99.08,2.371,4,3,5,0
CT-08,pump,64,99.34,2.735,288.5,101.24,84.16,93.77,2.486,4,3,5,0
CT-08,pump,65,96.67,2.047,278.13,95.89,86.78,97.17,2.117,4,3,5,1
CT-08,pump,66,99.63,2.985,287.75,96.92,85.48,93.27,2.403,4,3,5,0
CT-08,pump,67,91.88,2.722,276.39,98.71,85.4,90.36,2.457,4,3,5,0
CT-08,pump,68,92.42,2.901,290.07,99.56,87.11,98.51,2.786,4,3,5,0
CT-08,pump,69,98.43,2.206,278.48,105.54,85.78,92.88,2.574,4,3,5,1
CT-08,pump,70,98.34,2.395,283.73,105.18,81.95,90.52,2.338,4,3,5,0
CT-08,pump,71,101.48,2.687,278.64,103.19,82.81,89.53,2.434,4,3,5,1
CT-08,pump,72,89.7,2.538,274.89,107.06,82.27,94.26,2.086,4,3,5,0
CT-08,pump,73,98.04,2.139,274.65,99.19,81.29,95.11,2.942,4,3,5,0
CT-08,pump,74,103.13,2.856,269.8,92.42,85.06,94.59,2.513,4,3,5,0
CT-08,pump,75,96.64,2.053,287.21,101.69,86.66,93.36,2.402,4,3,5,0
CT-08,pump,76,104.09,3.107,269.95,96.12,81.31,93.17,2.205,4,3,5,1
CT-08,pump,77,98.79,2.586,283.01,106.81,86.65,90.76,2.532,4,3,5,0
CT-08,pump,78,93.17,2.097,282.3,101.61,82.15,97.14,2.893,4,3,5,0
CT-08,pump,79,100.65,2.495,275.81,106.6,85.73,89.34,3.412,4,3,5,0
CT-08,pump,80,98.61,3.166,271.18,106.12,79.08,94.76,3.289,4,3,5,1
CT-08,pump,81,95.31,2.295,281.38,93.83,83.0,94.44,2.687,4,3,5,0
CT-08,pump,82,101.19,3.1,281.0,95.4,83.93,88.1,3.374,4,3,5,1
CT-08,pump,83,94.69,2.645,267.79,103.69,80.97,94.42,2.983,4,3,5,1
CT-08,pump,84,104.0,2.851,266.52,101.05,82.78,88.31,3.187,4,3,5,1
CT-08,pump,85,100.15,2.593,278.76,98.15,84.17,91.27,3.456,4,3,5,1
CT-08,pump,86,93.73,3.06,280.04,111.77,84.72,96.95,3.605,4,3,5,1
CT-08,pump,87,92.37,2.725,267.73,111.54,79.95,92.55,3.25,4,3,5,1
CT-08,pump,88,94.46,2.653,263.17,101.63,85.91,94.06,2.836,4,3,5,1
CT-08,pump,89,106.86,2.671,267.11,98.98,78.76,94.64,2.267,4,3,5,1
CT-08,pump,90,94.07,2.909,263.76,96.99,78.92,90.24,3.35,4,3,5,1
CT-08,pump,91,109.12,3.572,278.72,99.13,81.13,96.05,3.385,4,3,5,1
CT-08,pump,92,95.1,2.394,266.21,108.86,83.28,97.93,3.381,4,3,5,1
CT-08,pump,93,104.55,3.064,270.8,114.06,83.15,95.07,2.589,4,3,5,1
CT-09,compressor,1,85.47,1.361,265.14,97.37,89.67,83.29,1.215,2,2,3,0
CT-09,compressor,2,85.22,1.41,263.16,99.4,89.32,83.42,1.199,2,2,3,0
CT-09,compressor,3,85.61,1.36,267.17,98.78,88.96,82.18,1.317,2,2,3,0
CT-09,compressor,4,86.03,1.423,268.1,98.57,88.65,83.05,1.353,2,2,3,0
CT-09,compressor,5,84.17,1.527,263.45,99.77,88.71,82.23,1.245,2,2,3,0
CT-09,compressor,6,86.1,1.549,263.73,98.05,89.58,82.61,1.381,2,2,3,0
CT-09,compressor,7,86.67,1.536,261.13,97.48,88.77,81.94,1.372,2,2,3,0
CT-09,compressor,8,85.96,1.502,263.07,99.9,87.74,81.65,1.423,2,2,3,0
CT-09,compressor,9,85.52,1.399,262.53,98.83,89.3,83.17,1.414,2,2,3,0
CT-09,compressor,10,86.16,1.523,262.81,100.32,87.85,80.11,1.458,2,2,3,0
CT-09,compressor,11,86.64,1.533,261.06,101.2,87.36,81.32,1.354,2,2,3,0
CT-09,compressor,12,87.96,1.564,262.66,101.05,87.12,81.63,1.417,2,2,3,0
CT-09,compressor,13,88.53,1.602,263.11,101.09,87.78,81.3,1.291,2,2,3,0
CT-09,compressor,14,88.1,1.697,255.0,100.08,87.37,81.46,1.45,2,2,3,0
CT-09,compressor,15,86.93,1.7,265.7,100.31,88.1,81.31,1.484,2,2,3,0
CT-09,compressor,16,88.61,1.56,259.26,101.26,88.31,81.48,1.393,2,2,3,0
CT-09,compressor,17,88.3,1.879,259.49,101.21,86.72,80.46,1.487,2,2,3,0
CT-09,compressor,18,89.75,1.806,261.27,102.14,87.39,81.91,1.443,2,2,3,0
CT-09,compressor,19,88.62,1.782,255.29,105.67,87.73,82.92,1.598,2,2,3,0
CT-09,compressor,20,88.73,1.801,261.58,100.88,86.62,80.45,1.474,2,2,3,0
CT-09,compressor,21,90.52,1.816,257.05,105.3,87.28,80.39,1.391,2,2,3,1
CT-09,compressor,22,90.32,1.775,257.92,100.09,87.6,79.17,1.634,2,2,3,0
CT-09,compressor,23,92.12,1.895,252.8,103.14,88.2,79.71,1.584,2,2,3,0
CT-09,compressor,24,92.27,1.691,252.09,101.39,86.49,79.4,1.632,2,2,3,1
CT-09,compressor,25,89.56,1.708,263.25,102.01,87.5,78.47,1.618,2,2,3,0
CT-09,compressor,26,92.68,1.565,256.36,105.55,86.43,78.09,1.62,2,2,3,0
CT-09,compressor,27,90.18,2.038,260.77,101.35,86.02,78.51,1.727,2,2,3,0
CT-09,compressor,28,90.63,2.038,254.55,106.31,85.19,80.0,1.664,2,2,3,0
CT-09,compressor,29,90.95,1.789,266.44,102.69,86.06,77.98,1.544,2,2,3,0
CT-09,compressor,30,91.96,2.107,259.39,106.79,86.82,76.33,1.7,2,2,3,0
CT-09,compressor,31,89.57,2.026,261.42,103.41,85.5,80.28,1.701,2,2,3,0
CT-09,compressor,32,93.89,1.775,249.76,105.19,86.31,78.31,1.937,2,2,3,0
CT-09,compressor,33,88.51,2.25,248.68,105.32,87.4,79.48,1.805,2,2,3,1
CT-09,compressor,34,94.2,2.169,260.1,110.05,86.15,79.9,1.622,2,2,3,0
CT-09,compressor,35,91.59,1.769,245.71,105.11,87.06,77.65,1.807,2,2,3,0
CT-09,compressor,36,89.13,1.824,259.75,103.4,87.04,76.36,1.763,2,2,3,0
CT-09,compressor,37,91.95,1.946,261.87,107.99,86.6,77.37,1.509,2,2,3,0
CT-09,compressor,38,95.33,2.29,249.12,102.77,86.41,76.14,2.04,2,2,3,0
CT-09,compressor,39,90.17,2.321,253.48,108.0,86.23,79.5,1.935,2,2,3,0
CT-09,compressor,40,97.04,1.878,255.59,110.37,85.92,78.69,1.705,2,2,3,0
CT-09,compressor,41,94.96,2.243,256.06,108.28,84.48,80.97,1.981,2,2,3,0
CT-09,compressor,42,91.95,1.978,258.86,107.54,82.86,78.87,1.949,2,2,3,0
CT-09,compressor,43,97.27,2.418,244.66,108.1,86.06,78.02,2.279,2,2,3,0
CT-09,compressor,44,99.29,2.478,254.39,103.6,86.34,76.21,1.562,2,2,3,0
CT-09,compressor,45,97.14,1.978,253.06,106.38,84.85,75.08,1.626,2,2,3,0
CT-09,compressor,46,91.4,2.432,247.05,107.65,81.33,78.69,1.709,2,2,3,1
CT-09,compressor,47,95.4,2.418,242.34,111.17,84.38,78.33,2.017,2,2,3,0
CT-09,compressor,48,96.65,2.621,257.52,110.64,82.11,79.32,2.103,2,2,3,1
CT-09,compressor,49,94.69,2.003,240.3,112.51,85.41,73.58,2.228,2,2,3,0
CT-09,compressor,50,95.27,2.524,245.77,106.49,82.77,74.81,1.668,2,2,3,1
CT-09,compressor,51,92.15,2.321,245.79,114.95,85.41,72.91,2.299,2,2,3,1
CT-09,compressor,52,94.93,2.561,248.05,110.72,85.5,72.64,1.983,2,2,3,1
CT-09,compressor,53,92.71,2.068,251.19,117.43,83.92,77.92,2.374,2,2,3,0
CT-09,compressor,54,98.43,1.998,237.38,106.4,81.33,78.89,2.155,2,2,3,1
CT-09,compressor,55,93.58,2.364,247.72,109.81,85.48,76.14,1.788,2,2,3,0
CT-09,compressor,56,100.15,2.107,249.33,108.37,81.5,73.31,2.154,2,2,3,1
CT-09,compressor,57,93.5,2.087,245.9,110.44,81.73,75.11,1.663,2,2,3,1
CT-09,compressor,58,98.89,2.738,238.44,112.95,82.37,76.92,2.011,2,2,3,1
CT-09,compressor,59,91.06,2.703,240.36,107.75,81.22,74.1,2.299,2,2,3,1
CT-09,compressor,60,92.32,2.352,240.69,109.68,83.47,76.02,2.127,2,2,3,1
CT-09,compressor,61,93.37,2.366,254.01,107.6,80.55,71.32,2.374,2,2,3,1
CT-09,compressor,62,96.9,2.964,231.93,108.69,82.91,76.23,1.901,2,2,3,1
CT-09,compressor,63,98.66,2.245,240.53,109.54,80.52,73.14,1.952,2,2,3,1
CT-09,compressor,64,101.78,2.245,234.83,110.3,81.32,71.44,1.915,2,2,3,1
CT-09,compressor,65,98.43,2.682,253.25,108.99,81.56,70.26,2.643,2,2,3,1
CT-09,compressor,66,104.18,2.902,245.2,109.82,83.04,74.54,2.133,2,2,3,1
CT-09,compressor,67,93.97,3.195,228.75,116.53,79.03,69.16,2.636,2,2,3,1
CT-09,compressor,68,96.47,2.351,238.14,113.18,81.93,71.22,2.015,2,2,3,1
CT-09,compressor,69,95.35,2.641,229.14,108.58,82.3,69.62,2.06,2,2,3,1
CT-09,compressor,70,102.63,2.141,232.15,119.36,83.88,71.75,2.465,2,2,3,1
CT-09,compressor,71,100.18,2.567,229.9,109.83,81.14,75.31,2.528,2,2,3,1
CT-09,compressor,72,99.78,2.299,243.22,112.33,84.11,74.83,2.28,2,2,3,1
CT-09,compressor,73,98.96,3.076,236.0,116.72,80.93,65.9,2.897,2,2,3,1
CT-09,compressor,74,97.77,3.225,236.43,122.63,83.87,72.39,2.687,2,2,3,1
CT-09,compressor,75,104.75,2.367,231.02,118.38,79.47,68.25,2.082,2,2,3,1
CT-09,compressor,76,95.76,3.15,242.74,116.07,82.9,67.26,2.773,2,2,3,1
CT-09,compressor,77,102.88,2.18,233.53,116.23,80.88,68.52,2.713,2,2,3,1
CT-09,compressor,78,100.11,2.358,229.02,118.28,84.13,70.67,2.023,2,2,3,1
CT-09,compressor,79,97.82,3.082,221.78,120.42,80.38,71.81,2.742,2,2,3,1
CT-09,compressor,80,104.95,2.644,248.66,119.73,80.41,65.78,2.054,2,2,3,1
CT-09,compressor,81,105.67,2.722,234.0,111.04,83.5,66.25,1.913,2,2,3,1
CT-09,compressor,82,99.76,3.288,230.98,113.4,80.81,69.99,2.424,2,2,3,1
CT-09,compressor,83,104.74,2.814,246.89,116.2,80.54,69.86,3.167,2,2,3,1
CT-09,compressor,84,95.48,3.078,221.47,112.78,82.96,67.96,3.047,2,2,3,1
CT-09,compressor,85,95.2,3.453,223.35,113.03,83.16,72.31,2.754,2,2,3,1
CT-09,compressor,86,103.3,3.438,231.43,113.28,77.69,74.0,3.275,2,2,3,1
CT-09,compressor,87,97.28,3.52,241.21,124.97,75.77,71.36,3.04,2,2,3,1
CT-09,compressor,88,106.59,3.423,239.52,122.53,80.24,73.52,3.306,2,2,3,1
CT-09,compressor,89,106.09,2.334,244.1,123.56,77.46,69.79,3.052,2,2,3,1
CT-09,compressor,90,103.16,3.427,224.88,127.17,78.7,65.25,2.079,2,2,3,1
CT-09,compressor,91,98.27,3.195,220.79,117.68,78.04,69.63,2.773,2,2,3,1
CT-09,compressor,92,110.1,3.084,228.43,119.72,83.12,73.96,1.992,2,2,3,1
CT-09,compressor,93,112.27,3.26,217.18,110.39,74.78,70.83,2.567,2,2,3,1
CT-09,compressor,94,111.92,2.418,220.94,118.26,79.19,71.5,3.033,2,2,3,1
CT-09,compressor,95,105.4,3.079,217.25,122.39,75.82,71.0,2.641,2,2,3,1
CT-09,compressor,96,96.02,3.068,240.03,127.12,76.14,67.92,2.459,2,2,3,1
CT-09,compressor,97,98.56,2.704,217.99,129.92,78.27,70.69,3.297,2,2,3,1
CT-10,hydration_unit,1,75.54,1.561,226.99,98.58,94.37,89.82,0.98,2,2,2,0
CT-10,hydration_unit,2,75.88,1.596,224.46,99.84,93.16,90.3,1.002,2,2,2,0
CT-10,hydration_unit,3,77.57,1.563,225.89,98.87,93.18,89.56,1.002,2,2,2,0
CT-10,hydration_unit,4,77.33,1.628,224.87,99.79,93.92,89.45,0.978,2,2,2,0
CT-10,hydration_unit,5,78.01,1.605,224.59,101.63,93.11,89.83,1.044,2,2,2,0
CT-10,hydration_unit,6,78.39,1.516,225.55,100.57,92.35,88.65,1.079,2,2,2,0
CT-10,hydration_unit,7,76.58,1.639,221.77,102.55,93.61,88.57,1.101,2,2,2,0
CT-10,hydration_unit,8,78.06,1.543,225.8,99.86,92.41,87.72,1.12,2,2,2,0
CT-10,hydration_unit,9,78.93,1.745,223.94,102.11,92.45,87.24,1.185,2,2,2,0
CT-10,hydration_unit,10,78.3,1.772,222.22,101.54,92.02,88.17,1.008,2,2,2,0
CT-10,hydration_unit,11,79.06,1.674,221.52,101.83,92.21,88.01,1.23,2,2,2,0
CT-10,hydration_unit,12,78.7,1.685,220.13,98.81,91.68,88.72,1.19,2,2,2,0
CT-10,hydration_unit,13,79.1,1.694,220.77,102.44,91.24,86.13,1.26,2,2,2,0
CT-10,hydration_unit,14,79.53,1.799,223.47,102.55,92.24,86.17,1.302,2,2,2,0
CT-10,hydration_unit,15,79.8,1.696,222.85,102.32,91.06,86.9,1.189,2,2,2,0
CT-10,hydration_unit,16,79.64,1.622,224.45,103.82,91.14,87.76,1.165,2,2,2,0
CT-10,hydration_unit,17,78.82,1.738,214.99,102.17,92.02,87.15,1.398,2,2,2,0
CT-10,hydration_unit,18,82.1,1.671,217.46,102.12,92.47,86.72,1.317,2,2,2,0
CT-10,hydration_unit,19,81.29,1.888,213.52,100.99,90.96,86.17,1.339,2,2,2,0
CT-10,hydration_unit,20,81.49,1.858,215.57,106.31,92.58,86.7,1.234,2,2,2,0
CT-10,hydration_unit,21,81.36,1.857,216.28,105.46,91.56,84.94,1.155,2,2,2,0
CT-10,hydration_unit,22,80.14,1.704,213.51,106.25,90.98,87.3,1.42,2,2,2,0
CT-10,hydration_unit,23,80.79,1.834,214.67,105.24,91.0,87.43,1.473,2,2,2,0
CT-10,hydration_unit,24,79.72,1.884,215.47,102.12,90.26,88.63,1.562,2,2,2,0
CT-10,hydration_unit,25,83.13,2.081,215.4,101.41,90.26,85.88,1.414,2,2,2,0
CT-10,hydration_unit,26,79.71,2.016,213.61,103.99,90.75,86.88,1.217,2,2,2,0
CT-10,hydration_unit,27,82.4,2.124,213.3,105.62,92.12,84.09,1.451,2,2,2,0
CT-10,hydration_unit,28,82.15,2.084,216.78,106.12,89.52,84.15,1.682,2,2,2,0
CT-10,hydration_unit,29,82.56,2.137,210.7,105.64,91.26,85.25,1.433,2,2,2,0
CT-10,hydration_unit,30,80.26,2.065,220.36,105.77,90.1,85.07,1.286,2,2,2,0
CT-10,hydration_unit,31,83.87,1.937,217.61,103.87,90.45,86.41,1.464,2,2,2,0
CT-10,hydration_unit,32,82.69,2.303,210.42,107.71,88.62,86.82,1.475,2,2,2,0
CT-10,hydration_unit,33,84.79,2.176,207.19,109.39,89.58,83.03,1.403,2,2,2,0
CT-10,hydration_unit,34,84.4,1.987,214.49,106.77,89.74,86.53,1.315,2,2,2,0
CT-10,hydration_unit,35,80.36,2.438,204.98,108.41,89.73,84.55,1.461,2,2,2,0
CT-10,hydration_unit,36,82.79,2.281,206.89,108.35,90.8,86.44,1.533,2,2,2,0
CT-10,hydration_unit,37,88.37,2.037,211.34,106.37,88.38,82.37,1.845,2,2,2,0
CT-10,hydration_unit,38,81.43,1.914,206.04,108.21,88.39,83.87,1.515,2,2,2,0
CT-10,hydration_unit,39,86.16,2.056,207.76,106.25,89.31,82.34,1.948,2,2,2,0
CT-10,hydration_unit,40,83.12,2.277,204.35,107.06,89.91,81.42,1.851,2,2,2,1
CT-10,hydration_unit,41,87.3,2.436,213.9,106.56,87.62,86.04,1.405,2,2,2,0
CT-10,hydration_unit,42,88.48,2.222,213.43,113.48,89.56,86.14,1.345,2,2,2,0
CT-10,hydration_unit,43,86.74,2.529,209.65,111.1,89.6,80.68,1.668,2,2,2,0
CT-10,hydration_unit,44,83.93,2.157,204.71,108.9,90.71,86.34,1.946,2,2,2,0
CT-10,hydration_unit,45,88.77,2.027,211.05,112.38,90.56,85.63,1.409,2,2,2,0
CT-10,hydration_unit,46,85.36,2.667,208.8,109.03,87.98,82.98,1.361,2,2,2,0
CT-10,hydration_unit,47,91.43,2.101,209.0,110.12,88.12,84.2,1.382,2,2,2,0
CT-10,hydration_unit,48,83.39,2.635,206.32,104.32,88.83,82.08,2.041,2,2,2,0
CT-10,hydration_unit,49,82.95,2.741,203.46,108.88,87.31,79.62,1.536,2,2,2,1
CT-10,hydration_unit,50,83.11,2.506,198.09,110.57,89.13,83.17,1.826,2,2,2,1
CT-10,hydration_unit,51,90.86,2.727,211.69,108.78,87.27,79.1,1.599,2,2,2,1
CT-10,hydration_unit,52,92.39,2.092,210.48,116.33,87.86,82.17,1.935,2,2,2,0
CT-10,hydration_unit,53,84.13,2.818,212.45,109.52,89.33,81.71,2.043,2,2,2,0
CT-10,hydration_unit,54,86.31,2.416,200.84,112.54,85.67,82.28,1.74,2,2,2,1
CT-10,hydration_unit,55,87.1,2.159,202.79,113.69,84.43,84.32,1.95,2,2,2,1
CT-10,hydration_unit,56,90.69,2.42,206.29,112.01,88.32,82.16,1.514,2,2,2,0
CT-10,hydration_unit,57,88.07,2.476,197.97,115.89,86.2,81.54,1.383,2,2,2,1
CT-10,hydration_unit,58,93.65,2.467,202.13,119.29,84.85,83.85,2.036,2,2,2,1
CT-10,hydration_unit,59,86.18,2.371,196.23,114.81,87.29,83.11,1.614,2,2,2,1
CT-10,hydration_unit,60,85.52,2.626,215.19,112.49,84.45,78.33,2.386,2,2,2,1
CT-10,hydration_unit,61,91.66,2.177,204.02,114.64,84.7,75.2,2.326,2,2,2,1
CT-10,hydration_unit,62,91.37,2.794,206.68,111.0,84.19,83.48,2.393,2,2,2,1
CT-10,hydration_unit,63,91.68,2.842,187.63,112.6,87.22,84.03,2.493,2,2,2,1
CT-10,hydration_unit,64,93.01,2.411,201.41,115.27,89.03,81.9,2.525,2,2,2,1
CT-10,hydration_unit,65,90.83,2.827,195.06,118.51,84.93,78.98,2.275,2,2,2,1
CT-10,hydration_unit,66,89.04,2.513,200.88,118.55,85.9,78.73,2.498,2,2,2,1
CT-10,hydration_unit,67,97.22,2.748,196.86,108.1,84.9,76.63,2.254,2,2,2,1
CT-10,hydration_unit,68,86.72,2.341,198.72,110.76,85.96,78.16,2.581,2,2,2,1
CT-10,hydration_unit,69,90.77,2.738,199.46,109.37,86.87,74.27,1.95,2,2,2,1
CT-10,hydration_unit,70,92.2,3.472,203.96,112.69,87.2,82.69,2.333,2,2,2,1
CT-10,hydration_unit,71,89.06,2.286,193.53,121.28,82.06,81.23,1.717,2,2,2,1
CT-10,hydration_unit,72,91.95,2.954,210.36,112.57,83.03,78.81,1.893,2,2,2,1
CT-10,hydration_unit,73,93.02,2.669,188.58,122.42,82.41,75.9,2.696,2,2,2,1
CT-10,hydration_unit,74,95.37,3.082,200.16,120.91,82.66,77.65,2.36,2,2,2,1
CT-10,hydration_unit,75,96.9,2.907,200.85,112.29,87.95,77.91,2.722,2,2,2,1
CT-10,hydration_unit,76,99.21,3.08,206.93,113.73,87.12,80.91,1.717,2,2,2,1
CT-10,hydration_unit,77,94.86,3.309,184.96,110.48,88.07,80.86,2.228,2,2,2,1
CT-10,hydration_unit,78,89.47,2.625,202.94,119.82,85.76,79.42,2.606,2,2,2,1
CT-10,hydration_unit,79,96.15,2.917,206.13,112.76,86.33,73.85,2.815,2,2,2,1
CT-10,hydration_unit,80,87.14,2.563,184.01,113.86,85.2,83.17,2.445,2,2,2,1
CT-10,hydration_unit,81,91.66,2.622,186.0,116.39,84.52,74.77,1.792,2,2,2,1
CT-10,hydration_unit,82,86.48,3.19,198.53,121.82,87.38,77.56,2.336,2,2,2,1
CT-10,hydration_unit,83,92.56,2.619,188.19,115.41,85.83,82.29,2.576,2,2,2,1
CT-10,hydration_unit,84,87.04,3.711,177.06,117.73,80.68,74.66,2.708,2,2,2,1
CT-10,hydration_unit,85,88.66,3.195,199.74,119.44,84.32,71.65,1.86,2,2,2,1
CT-10,hydration_unit,86,97.57,3.212,203.89,112.17,83.34,80.6,2.11,2,2,2,1
CT-10,hydration_unit,87,87.07,2.97,175.08,126.37,81.89,72.18,2.007,2,2,2,1
CT-10,hydration_unit,88,101.3,3.097,180.54,118.21,80.9,78.37,2.275,2,2,2,1
CT-10,hydration_unit,89,96.32,3.695,193.45,114.17,81.02,70.0,2.602,2,2,2,1
CT-10,hydration_unit,90,90.62,3.168,196.29,123.15,84.83,71.21,2.345,2,2,2,1
CT-10,hydration_unit,91,94.89,3.655,190.38,118.63,85.73,80.64,1.852,2,2,2,1
CT-10,hydration_unit,92,91.59,2.713,188.17,127.49,81.63,75.69,2.468,2,2,2,1
CT-10,hydration_unit,93,90.13,2.546,174.93,112.64,83.51,73.74,2.595,2,2,2,1
CT-10,hydration_unit,94,90.84,2.55,178.68,120.75,85.27,70.26,2.813,2,2,2,1
CT-10,hydration_unit,95,100.81,2.865,173.93,122.49,81.21,76.85,1.965,2,2,2,1
CT-10,hydration_unit,96,89.55,3.567,194.64,118.4,83.41,71.3,2.532,2,2,2,1
CT-10,hydration_unit,97,89.72,2.803,198.67,120.67,81.21,73.47,3.187,2,2,2,1
CT-10,hydration_unit,98,98.47,3.386,167.87,125.52,84.88,72.58,3.375,2,2,2,1
CT-10,hydration_unit,99,91.53,3.255,189.33,121.04,79.52,76.54,2.614,2,2,2,1
CT-10,hydration_unit,100,101.7,3.885,183.37,121.94,84.83,75.61,2.762,2,2,2,1
